Name,Order,Spren,Oaths
lrminer202,Shartweaver,,0.0
LWSpinner,Memecaller,quicken,111111111.0
AzorthasDevenish,Memecaller,,0.0
ochodabomyo,Willyshaper,,0.0
obo_won_konobo,Shartweaver,,0.0
TrveRefizul,Memecaller,D√∂ner,0.0
Sleazysamaritan,Cremrunner,,0.0
Amperson14,Hiighbreaker,,0.0
BinarySecond,Memecaller,,0.0
CakeAce,Shartweaver,,0.0
dux_doukas,Cremrunner,,0.0
Heageth,Cremrunner,,0.0
Nroke1,Cremrunner,,0.0
PrivatePapayas,Shartweaver,,0.0
Dadango14,Cremrunner,,0.0
AdeptAntelope,Memecaller,bob,111111111.0
WAsteOFHUMANFlesh12,Cremrunner,,0.0
Complaint-Efficient,Hiighbreaker,,111111111.0
Alespren,Memecaller,,0.0
Matthias720,Memecaller,Rick,0.0
Supermage479,Cremrunner,,0.0
Schnitzl3r,Memecaller,,0.0
PatataEspacial,Cremrunner,,0.0
Stray_Whelmed,Shartweaver,,0.0
KateT16Else,Cremrunner,,0.0
ChickenCart,Hiighbreaker,Lildor,111211111.0
R-star1,Cremrunner,,0.0
CobiPro,Cremrunner,,0.0
BobBelcherSaysIdiot,Shartweaver,,0.0
Asinga,Memecaller,,111111111.0
Legitimate_Tart8646,Shartweaver,blueprint,0.0
cyborgnarwall,Hiighbreaker,,0.0
orbitmandead,Cremrunner,,0.0
bloodless_kingkiller,Memecaller,Cthaeh,212111111.0
Danoir_,Shartweaver,,0.0
warningbadge,Shartweaver,,0.0
drayko543,Cremrunner,,0.0
Firephantom10v05,Shartweaver,,0.0
zackadee101,Memecaller,,0.0
Martyrmo,Memecaller,,0.0
Balieiro,Hiighbreaker,,0.0
Juup1ter,Shartweaver,,0.0
Mickeymackey,Memecaller,,0.0
Umbrabilis,Hiighbreaker,,0.0
Lord_Torunag,Hiighbreaker,,0.0
Manga_reader1,Shartweaver,,0.0
Paladine32,Oathless,,0.0
LaGigs,Cremrunner,,0.0
Twisp56,Cremrunner,,0.0
squidguy3400,Memecaller,,0.0
xylophonics,Shartweaver,,0.0
King_InTheNorth,Hiighbreaker,,0.0
colin-catlin,Shartweaver,,111111111.0
Hdtin,Cremrunner,,0.0
Radioactive_Dew,Shartweaver,,0.0
Deltazocker,Shartweaver,Stick,0.0
tintenfisch3,Hiighbreaker,,0.0
LongjumpingArgument3,Shartweaver,,0.0
Ghrim_Vortex22,Hiighbreaker,,0.0
tibbleflip1,Cremrunner,,0.0
Nicomg,Hiighbreaker,,0.0
Catanzy,Memecaller,,0.0
mdsnbldwn15,Memecaller,,0.0
Mickey101010,Cremrunner,,0.0
Acing_it,Shartweaver,,111111111.0
darylpuppy,Edgydancer,,0.0
SlayerofSnails,Memecaller,,0.0
Revengeadaseth,Memecaller,,0.0
PhantomLasagna,Cremrunner,,0.0
DarmanIC,Mudflinger,,0.0
JustTrying_MyBest,Memecaller,,0.0
MadeForFunHausReddit,Cremrunner,,0.0
wasing_the_wanting,Oathless,,0.0
SnakeUSA,Cremrunner,ouroboros,212111311.0
TH3N4RR4T0R,Cremrunner,,0.0
liakjiara,Memecaller,,0.0
aTrialofKings,Cremrunner,,111111111.0
LeoMeier,Shartweaver,,0.0
bumbarlunchi6,Nightblood,,0.0
Swimmingspy,Cremrunner,,0.0
Tinkerin_Tim,Hiighbreaker,,0.0
Leprechaun-of-chaos,Memecaller,feminar,212111111.0
IshaeniTolog,Cremrunner,numuhukumakiaki'aialunamor,212111111.0
LimpChiken,Cremrunner,beefer,111111111.0
DorElias,Cremrunner,,0.0
PerrinSedai,Cremrunner,,0.0
lightweaver_7965,Oathless,,0.0
devilight56,Memecaller,,0.0
RCouto17,Cremrunner,,0.0
TomTalks06,Cremrunner,,212111211.0
jonnyhatesthesun,Willyshaper,the_judge,0.0
LOLPN,Cremrunner,,0.0
Blitz100,Cremrunner,,0.0
kariptos,Memecaller,,0.0
Acejedi_k6,Rafowatcher,nyls,22243411.0
sincerely-satire,Cremrunner,,0.0
brainlessbach,Cremrunner,,0.0
Doctor_Jensen117,Cremrunner,,0.0
PenguinFart003,Cremrunner,,0.0
My_High_Ideas,Cremrunner,,0.0
Oko_Veelay,Memecaller,,0.0
allomanticpush,Edgydancer,satin,0.0
xaqyz0023,Stonedward,,0.0
HeWhoShitsWithPhone,Memecaller,,0.0
alynnidalar,Memecaller,,0.0
Toasty240,Shartweaver,,0.0
jamesianm,Cremrunner,,212111311.0
KrazyKyle1024,Cremrunner,,11141211.0
TranquilBurrito,Cremrunner,icarus,0.0
Kangaroofact,Hiighbreaker,,0.0
Risenneo,Cremrunner,,0.0
Talektis,Edgydancer,,0.0
Asylum_Brews,Cremrunner,,0.0
PinieP,Memecaller,szethsonsonsonsonsonsonsonsonsonsonsonsonsonadonalsium,0.0
ishkariot,Hiighbreaker,,0.0
PerceptionRoll,Cremrunner,,0.0
Psylphrena,Memecaller,,0.0
asdaf5678,Cremrunner,,0.0
Yoshim1,Memecaller,,0.0
oafgeek,Memecaller,,0.0
dvlpr404,Cremrunner,,0.0
shuzuko,Shartweaver,,0.0
aryan_taar,Hiighbreaker,,0.0
catheraaine,Memecaller,,0.0
GlobnarTheExquisite,Shartweaver,,0.0
Lukrise,Cremrunner,,0.0
Gale_Emchild,Shartweaver,,212111111.0
Stellar-Engine-oftin,Shartweaver,,0.0
kfauw,Hiighbreaker,,0.0
SweetLadyofWayrest,Shartweaver,,0.0
Ebshi,Shartweaver,,0.0
SlowWittedAndDull,Hiighbreaker,,0.0
PhoenixKnight777,Memecaller,iggy,212111111.0
zia_in_lowercase,Shartweaver,,0.0
MacLafferty,Cremrunner,,0.0
Abe0971,Hiighbreaker,,0.0
Bittie05,Shartweaver,,0.0
ShlomoCh,Cremrunner,mistspren,0.0
rocker_face,Memecaller,,0.0
Jermasthirdcousin,Willyshaper,,0.0
Rey_Lora,Cremrunner,,0.0
LadyofTourmaline,Shartweaver,,0.0
sleeveless_heart,Cremrunner,,0.0
useless-knowledge4o,Rafowatcher,,0.0
ErandurVane,Cremrunner,,0.0
SimilarThought9,Rafowatcher,Rock,212211211.0
BitcoinBishop,Willyshaper,,111111111.0
B0MBOY,Cremrunner,,0.0
nitznon,Edgydancer,00178443022299565,0.0
Fakjbf,Hiighbreaker,,111111111.0
Guell123,Cremrunner,,0.0
Mordredlim2,Hiighbreaker,,0.0
Macrzzz,Cremrunner,,0.0
yrtemmySymmetry,Memecaller,,0.0
FasulbezBob,Cremrunner,,111111111.0
uvik,Cremrunner,,0.0
Ronon_2222,Cremrunner,,0.0
humansareboring,Shartweaver,,0.0
Krtghaak,Cremrunner,,0.0
AdmiralDinosaur_1888,Cremrunner,,0.0
et_cor_cordium,Memecaller,,0.0
Dekkai001,Hiighbreaker,,0.0
Psychological-Dot844,Cremrunner,,0.0
Emperor_Platypus,Memecaller,,0.0
someboi12,Memecaller,‚Ñπ‚úåüÖæÔ∏è¬ÆÔ∏è‚Ñπ,0.0
Baal_zamon,Cremrunner,,0.0
Basilgaarad,Cremrunner,dante,0.0
TheHappyChaurus,Shartweaver,,111111111.0
ScarlocNebelwandler,Rafowatcher,,111111111.0
mahmodwattar,Hiighbreaker,,0.0
SirBearOfTheShire,Memecaller,,0.0
OminousBanjoMusic,Cremrunner,,0.0
RaygunUltra,Cremrunner,,0.0
constibetta,Shartweaver,,0.0
GondaLord,Hiighbreaker,,0.0
_Lestibournes,Shartweaver,,0.0
IsKujaAPowerButton,Memecaller,,0.0
RealNavyDave,Memecaller,ligma,111111111.0
brontonian5,Stonedward,,0.0
Kerbaljack,Shartweaver,,0.0
FreeGamer_1981,Stonedward,milla,0.0
Alternative_Age2727,Memecaller,,0.0
qswiddie,Stonedward,MaryJane,0.0
Lord_Spooktastic,Rafowatcher,Kelsier,0.0
TheAirsickLowlander,Willyshaper,Numuhukumakiaki'aialunamor,111111111.0
teeknuef,Stonedward,Moash,0.0
PC_Noob_37,Cremrunner,,0.0
jedimindfuk,Stonedward,Shai-Hulud,0.0
WitPrisoned,Stonedward,mommy,0.0
TheMuredreousTrio,Rafowatcher,Nersas,0.0
benjack1228999,Hiighbreaker,,0.0
gamarider,Cremrunner,ashandarei,0.0
Titboobweiner,Stonedward,,0.0
Next_Gazelle_1357,Rafowatcher,,0.0
SilvanHood,Willyshaper,,111112111.0
chomskyhonksy,Mudflinger,,0.0
Farlaxx,Cremrunner,,0.0
ICantReadTBH,Shartweaver,,0.0
trimeta,Rafowatcher,,0.0
mayayahee,Cremrunner,Sicarius,0.0
KCCCellist,Shartweaver,,0.0
crunchyonumberz,Stonedward,,0.0
LordOfCheese,Shartweaver,Henry,0.0
RahtidSS,Mudflinger,,0.0
SonnyLonglegs,Cremrunner,,0.0
Yeetgodknickknackass,Memecaller,,0.0
AlThorStormblessed,Cremrunner,,224211211.0
Hopeful-Peace6140,Memecaller,lopen,0.0
Chuckleslord,Stonedward,,0.0
PrepareToCrab,Shartweaver,,0.0
Squidtree,Stonedward,sam,0.0
dhmdhm,Mudflinger,,0.0
ScumlordAzazel,Rafowatcher,,0.0
Sea_Employ_4366,Stonedward,,0.0
Linxbolt18,Edgydancer,farral,0.0
TheNovelMarvel,Edgydancer,,0.0
Abaddonalways,Stonedward,,0.0
Mackncheeze,Shartweaver,,0.0
SpaghettiMaestro14,Memecaller,,111121111.0
Ok_Ad_3665,Rafowatcher,,0.0
anothernaturalone,Rafowatcher,,0.0
Cassi-Lessa,Memecaller,,0.0
LucaMax01,Shartweaver,,0.0
Teegeetoger,Edgydancer,maara,0.0
Derodoris,Mudflinger,mylfrena,212121111.0
vaderswingman56,Cremrunner,,0.0
Leipurinen,Cremrunner,,212211211.0
Zigordion,Memecaller,big-steve,0.0
sayoung42,Rafowatcher,hoodles,0.0
OrzhovMarkhov,Memecaller,,0.0
Lilium913,Rafowatcher,ione,0.0
kowski101,Willyshaper,,0.0
tempus-12,Memecaller,,0.0
SultanSaxophone,Cremrunner,,0.0
undonecone,Shartweaver,,0.0
chicken_tat,Rafowatcher,sainteach,0.0
Jack_Crum,Shartweaver,fancy,0.0
EllxRG,Willyshaper,,0.0
That-Outsider,Stonedward,,0.0
frankitox16,Rafowatcher,,0.0
Catalyst4721,Cremrunner,,0.0
Merkmania,Cremrunner,,0.0
BunkersWorkshop,Memecaller,,0.0
littlebuett,Memecaller,jesusiscool,21241411.0
PegasesArc,Rafowatcher,,111111111.0
Timelordvictorious1,Cremrunner,,0.0
Restlesswolf,Memecaller,gaybowser,0.0
Tijn2game,Rafowatcher,,0.0
Dalek-Hunter,Rafowatcher,spoiler,212111111.0
Haunting_Lynx_9097,Mudflinger,(lilmuddy),0.0
The-Nomed,Rafowatcher,kurgan,0.0
WildflowerOfTheNorth,Cremrunner,,111111111.0
MarkneuG,Memecaller,,0.0
ReldnahcDimhcs,Stonedward,f√°sach,0.0
GamingWatermelon,Cremrunner,cephandrius,0.0
Brabent,Rafowatcher,,0.0
SV_Studios,Shartweaver,,0.0
Filus1735,Rafowatcher,,0.0
coolboi_com,Cremrunner,bell,0.0
cokedoutfish,Hiighbreaker,,0.0
blue_paperclip,Shartweaver,rear_stain,0.0
Shoelace_Farmer,Mudflinger,shatter,111111111.0
EvilSanta84,Memecaller,,111111111.0
Haedzie,Cremrunner,,0.0
DanchoBanancho25,Cremrunner,stikkkk,0.0
Chris2770,Rafowatcher,remoulade,0.0
sujeitocma,Edgydancer,,0.0
Meequz04,Shartweaver,,0.0
sn1694,Edgydancer,,0.0
Tovarishch,Hiighbreaker,,0.0
TheBoredBot,Hiighbreaker,cremboy,212121211.0
LonelyGnomes,Shartweaver,,0.0
Affectionate-String8,Shartweaver,,0.0
superiorlegoman,Shartweaver,,0.0
bheklilr,Willyshaper,,0.0
Tman101010,Stonedward,,0.0
LordOfCheesecakes,Shartweaver,sharthur,0.0
LarkinEndorser,Memecaller,larkinspren,0.0
damayoi,Cremrunner,betis,0.0
AzdrelMacMarrow,Willyshaper,sifurena,0.0
Script_Mak3r,Shartweaver,,212211111.0
Rhemyra,Shartweaver,,111111111.0
Moikle,Shartweaver,bitcoin,0.0
major_calgar,Cremrunner,azrael,111111111.0
CrispyShizzles,Cremrunner,anaphora,0.0
Glossen,Cremrunner,similarity,0.0
JeffSheldrake,Shartweaver,john,111111111.0
BasakaIsTheStrongest,Rafowatcher,heracles,0.0
nelonblood,Cremrunner,vlosle'i,0.0
nerdherdsman,Stonedward,,0.0
henk12310,Rafowatcher,,111111211.0
Flecco,Stonedward,,0.0
Sharpy818,Shartweaver,,0.0
Casual_Wizard,Stonedward,,0.0
GoblinMob42,Memecaller,,0.0
ohno_itsthatguy,Cremrunner,,111111111.0
mtglozwof,Edgydancer,shadow_the_voidbringer,0.0
FallowMcOlstein,Stonedward,,0.0
TheGodofToast999,Stonedward,,0.0
Effegirl,Cremrunner,,111111111.0
Neko_Witch,Stonedward,,0.0
FermPro,Edgydancer,,0.0
wasdakz,Stonedward,,0.0
Zanahoria78,Mudflinger,,0.0
nerdswhogotmarried,Memecaller,blot,212111111.0
Estrelarius,Shartweaver,,0.0
hwolsky,Shartweaver,,0.0
Frequent-Bee-3016,Stonedward,,0.0
Br1Carranza,Stonedward,blunt,0.0
BecauseImBatmanFilms,Rafowatcher,thought-independent,0.0
szmiiit,Cremrunner,s,0.0
MarcelRED147,Shartweaver,,0.0
LowWedding6301,Shartweaver,,0.0
EmpPaulpatine,Shartweaver,avg_cosmere_enjoyer,212111211.0
TrickMayday,Cremrunner,,0.0
Disturbing_Cheeto,Shartweaver,,212111111.0
OneWeirdWendigo,Memecaller,shiter,212111111.0
Desl0s,Willyshaper,,0.0
APEXAI17,Cremrunner,,212111111.0
Nevr_gonna_giv_U_up,Cremrunner,alph,212121311.0
lafemmeverte,Edgydancer,,111111111.0
AngelTheMarvel,Willyshaper,,212111211.0
Shiftemonk,Rafowatcher,,0.0
the_inner_void,Rafowatcher,spreny_mcsprenface,0.0
Jimbobalooski,Oathless,,0.0
oohthequestion,Cremrunner,,0.0
Ragna_rox,Shartweaver,sprenymcspren,111111111.0
Least-Nebula-6006,Cremrunner,,0.0
Remover_of_Kebabs,Shartweaver,,0.0
Romnomnombabies,Shartweaver,,0.0
potterpockets,Rafowatcher,,0.0
LilRustique,Edgydancer,slartibartfast,111111111.0
CarelessCurrent947,Memecaller,,0.0
Argon_04,Stonedward,,0.0
Merin_Stormblessed,Rafowatcher,,111111111.0
MilkChoc14,Rafowatcher,ornament,0.0
henrenator11,Stonedward,,111111111.0
Fluid_Mixture,Rafowatcher,,212111111.0
Trying-ToBe-Better,Rafowatcher,,111111111.0
IdoZohar,Shartweaver,maze,111111111.0
luftmx,Cremrunner,baihui,0.0
ChocolateZephyr42,Cremrunner,,0.0
Or1ginal_Username,Cremrunner,,111111111.0
thegreat_nerd,Shartweaver,,0.0
Autumn_Jaguar,Edgydancer,,0.0
Gasma31,Cremrunner,,0.0
Hufdud,Cremrunner,ltt_beta,22243411.0
Nukeboy1970,Cremrunner,crab_fairy,0.0
atnpgo,Cremrunner,,0.0
Mic_Tower33,Cremrunner,,0.0
KeyPractical,Cremrunner,,0.0
swordofsoul,Cremrunner,,0.0
oddskj,Cremrunner,,0.0
MaskedManMc,Cremrunner,,0.0
Child_Moe_Lester,Cremrunner,,0.0
wulf242,Cremrunner,,0.0
Abraxyn,Memecaller,,212111111.0
daze413,Cremrunner,,0.0
Ancient_Blu_Dragon,Cremrunner,,0.0
LordTachanka321,Shartweaver,,0.0
Soulsboin,Edgydancer,boomi,0.0
moosepers,Rafowatcher,,0.0
No_Coat_6948,Cremrunner,,0.0
Big-Needleworker6358,Cremrunner,,0.0
EmeraldThanatos,Cremrunner,,0.0
Nightfury4_4,Rafowatcher,scud,111111111.0
BrianOnReddit,Cremrunner,,0.0
whatnuts,Cremrunner,,0.0
TomatoPotato98,Cremrunner,,0.0
Ken0908,Cremrunner,,0.0
dagreek_legacy,Cremrunner,,0.0
PristinePizza47,Cremrunner,,0.0
WitherCorp,Cremrunner,,0.0
ZeldHeld,Stonedward,brand-son-son-sand,222223411.0
imalwaysthatoneguy69,Rafowatcher,,0.0
chalvin2018,Cremrunner,,0.0
Cosmere_Connoisseur,Cremrunner,,0.0
Beenster22,Cremrunner,chouta,0.0
gjostshovel,Rafowatcher,,0.0
Pyroelectrocuted,Stonedward,,0.0
amarnamoth,Cremrunner,,0.0
brianglover5,Cremrunner,,0.0
Costconnoconcn,Cremrunner,,0.0
Vanshaa,Cremrunner,,0.0
Electrospectra,Shartweaver,idiotsandwhich,212211111.0
bigote_grande1,Cremrunner,,0.0
PsychVol,Cremrunner,,0.0
LordJaaman,Cremrunner,,0.0
blubby-blu,Cremrunner,,0.0
TheRealTarish,Cremrunner,,0.0
Cyroxis,Cremrunner,squiddle,0.0
Hello20983,Stonedward,,212111411.0
InquisitiveLayman,Cremrunner,,0.0
Aurelianshitlist,Cremrunner,,0.0
JonaFerg,Rafowatcher,,0.0
FreegardeAndHisSwans,Cremrunner,phlebas,0.0
ihaveaverylongname1,Cremrunner,,0.0
DemonDuckOfDoom666,Hiighbreaker,thomas,0.0
LordSwiftArrow,Cremrunner,,0.0
Frostie-OwO,Cremrunner,,0.0
JunDoRahhe,Cremrunner,,0.0
BlckAlchmst,Cremrunner,,0.0
randomnonposter,Cremrunner,,0.0
DrWilgy,Edgydancer,,0.0
vakfriaso,Cremrunner,,0.0
1stGhost244,Cremrunner,,0.0
DarkLoad1,Cremrunner,,0.0
ActuallySquirtle,Cremrunner,windyboi,0.0
Kelsierisevil,Cremrunner,,0.0
bradles0,Cremrunner,,0.0
Eu713,Cremrunner,,0.0
Creepyreflection,Cremrunner,,0.0
UncleFetaCheese,Cremrunner,chili,0.0
nnneeeerrrrddd,Shartweaver,,0.0
Vortex-Hunter,Memecaller,odium,0.0
Emil8250,Cremrunner,,212111111.0
Elsherifo,Cremrunner,,0.0
elyk12121212,Cremrunner,,0.0
lukesparling,Rafowatcher,cremfather,0.0
Born_of_Mist,Cremrunner,,0.0
AxDaFence,Cremrunner,,0.0
serbski17,Cremrunner,,0.0
Tiny_Tinny,Cremrunner,,0.0
FelixFaldarius,Cremrunner,,0.0
Zoosegad,Cremrunner,,0.0
gingeraff3,Memecaller,maymay,0.0
Friendship_Errywhere,Stonedward,deez,0.0
Humanwhoisbreathing,Edgydancer,bobert.,0.0
Odd-Avocado-,Cremrunner,,0.0
Aalbooo,Cremrunner,,0.0
BleachedSoul1,Cremrunner,,0.0
AlakazamTheComedian,Cremrunner,,0.0
dualscienceokay,Cremrunner,,0.0
CesareAugusto_,Cremrunner,,0.0
ThatsNotADingo,Cremrunner,,0.0
WillowTheMist,Cremrunner,,111111111.0
BloodTrinity,Cremrunner,,111111111.0
DresdeMBM,Shartweaver,,111111111.0
designwolf1,Cremrunner,,111111111.0
CrazyWriterLady,Edgydancer,jenny,111111111.0
KittenStormblessed,Cremrunner,,111111111.0
skyturdle_,Stonedward,,111211411.0
random0rdinary,Cremrunner,,111111111.0
FruityGamer,Cremrunner,,111111111.0
KoalaKvothe,Cremrunner,,111111111.0
idiotwanderer,Cremrunner,,121111211.0
IshFen,Cremrunner,,111111111.0
ukiluser,Cremrunner,,111111111.0
Tiek00n,Cremrunner,,111111111.0
Dbuildster,Cremrunner,,111111111.0
tjipa84,Cremrunner,,111111111.0
TheRandomSpoolkMan,Cremrunner,,212211211.0
W1zward,Cremrunner,,111111111.0
Pokeshi1,Cremrunner,,111111111.0
PossiblyAMindFlayer,Cremrunner,,111111111.0
Gymmmy68,Cremrunner,,212111111.0
div900,Rafowatcher,,111111111.0
Muskratdeer,Cremrunner,,212111111.0
warlockMre,Cremrunner,,212111111.0
Sunstarved_Stoic,Cremrunner,,111111111.0
Crumararen,Cremrunner,,111111111.0
Pleaseusegoogle,Cremrunner,,111111111.0
Elmarim,Cremrunner,,111111111.0
Blackth0rn17,Cremrunner,,111111111.0
ChromeToasterI,Cremrunner,,111111111.0
INTO_NIGHT,Cremrunner,,212111111.0
KyDyL,Cremrunner,,111111111.0
tixxtoon,Cremrunner,,0.0
adiking27,Cremrunner,,0.0
AcanthocephalaLife63,Cremrunner,,0.0
ZeroXx147,Cremrunner,,0.0
Cozyowl562,Edgydancer,,212121311.0
partytoon4,Cremrunner,,0.0
DondaldDoylesFan,Cremrunner,,0.0
bueno95,Cremrunner,,0.0
Djp630,Cremrunner,,0.0
ISL005,Cremrunner,,111211111.0
Listen_Mother,Cremrunner,,0.0
deku12345,Cremrunner,,0.0
Neverklear,Cremrunner,,0.0
Atomic_Egg_Eviseratr,Cremrunner,,0.0
Framermax,Cremrunner,,0.0
akshatj3011,Cremrunner,,0.0
Aguaski,Cremrunner,,0.0
JJIlg,Cremrunner,,0.0
Xtopher98,Cremrunner,,0.0
Svenningen,Cremrunner,,0.0
Veils_hat,Cremrunner,,0.0
PoisonGeeMaxie,Shartweaver,lycan_subscribe,111111111.0
huntardpewpew,Cremrunner,,0.0
Kerwin_Bauch,Cremrunner,,0.0
iNogle,Cremrunner,,0.0
Brighttalonflame,Rafowatcher,,0.0
JMSTEI,Cremrunner,,0.0
Aluksuss,Cremrunner,,0.0
gordonramseysjarr,Cremrunner,,0.0
Nero_2001,Cremrunner,,0.0
Abstruse_Zebra,Cremrunner,,0.0
Fbastard3,Cremrunner,,0.0
StoryDrive,Cremrunner,,0.0
Azinimasari,Cremrunner,,0.0
Soenerob,Cremrunner,,0.0
Ashs07,Cremrunner,,0.0
kehknight,Cremrunner,,0.0
Macdr3,Cremrunner,,0.0
flamebro417,Cremrunner,,0.0
Witch_King_,Cremrunner,,0.0
Stresso_Espresso,Cremrunner,,0.0
TanithArmoured,Cremrunner,,0.0
_windbourne_,Cremrunner,,0.0
MerlinMilvus,Cremrunner,,0.0
GegeTheGreat,Cremrunner,,0.0
NerdyDjinn,Edgydancer,,0.0
MelvinSlayer,Cremrunner,,0.0
Sethy152,Cremrunner,,0.0
MonsieurClarkiness,Cremrunner,,0.0
bluecovfefe,Cremrunner,,0.0
Jj515051,Cremrunner,steel,0.0
Errick1996,Cremrunner,,0.0
Servo_11,Cremrunner,,0.0
NewbSighBot,Cremrunner,chit,0.0
GeneralStarbound,Cremrunner,,0.0
lunca_tenji,Cremrunner,,0.0
TaskMasterJosh,Cremrunner,,0.0
Andreuus_,Cremrunner,,0.0
DumpOutTheTrash,Cremrunner,cocopuff,0.0
Larking56,Cremrunner,,0.0
morbuskid,Cremrunner,,212111111.0
SirWolf12345,Cremrunner,,0.0
SweetPotatoDragon,Cremrunner,,0.0
Confident_Treacle974,Cremrunner,,0.0
Machin_Shin,Cremrunner,,0.0
Alavel17,Cremrunner,,0.0
YUMADLOL,Cremrunner,,0.0
Rebtro,Cremrunner,,0.0
Majestic_Rat,Cremrunner,,0.0
rdeyles,Cremrunner,,0.0
Sensitive_Coyote_865,Cremrunner,,0.0
Miochiiii,Shartweaver,,0.0
coveylover,Cremrunner,,0.0
ilikecake123,Cremrunner,,0.0
SomeLameName7173,Cremrunner,,0.0
Naohiro-son-Kalak,Cremrunner,,0.0
Flintzer0,Cremrunner,,0.0
fa113n-immorta1,Cremrunner,,0.0
ItsEaster,Cremrunner,,212111111.0
GoldenTigerKing,Memecaller,,0.0
windowfishlace,Cremrunner,,0.0
condorthe2nd,Cremrunner,,0.0
disorientedperson,Cremrunner,,0.0
AndGnu,Cremrunner,,0.0
PotentPortable,Cremrunner,,0.0
ArchangelCaesar,Cremrunner,,0.0
Toetsenbord,Cremrunner,,0.0
Talistan,Cremrunner,,0.0
guthran,Cremrunner,,0.0
tbbaseball3,Cremrunner,,0.0
navanikholinisaqueen,Cremrunner,,0.0
-honestconfusion-,Cremrunner,,0.0
TheDictator26,Cremrunner,,0.0
nerpspren,Edgydancer,,0.0
FibognocchiSequins,Cremrunner,,0.0
CheeseCurd90,Cremrunner,,0.0
RhynerLuteShadejaw,Cremrunner,,0.0
nationalistargie,Cremrunner,,0.0
CardiologistSolid663,Cremrunner,,0.0
TheFishMagikarp,Cremrunner,,0.0
The_dog_says,Cremrunner,,0.0
rebus_vindicta,Cremrunner,,0.0
Javalar,Rafowatcher,,0.0
Nion_Ashborn,Cremrunner,,0.0
walker9702,Cremrunner,,0.0
Liesmith424,Cremrunner,,0.0
TheBodyCounts,Cremrunner,,0.0
Fugaldig,Cremrunner,,0.0
Draconianchocolate,Edgydancer,,0.0
Geralto__,Cremrunner,,0.0
BrocoliCosmique,Cremrunner,,212111111.0
PilgrimBerserker,Cremrunner,scheibe_spren,0.0
AnimaticCat,Cremrunner,,0.0
Str11dent,Cremrunner,str2dent,0.0
FighterOfTheNightm4n,Cremrunner,,0.0
yog-sothoth42,Cremrunner,,0.0
Respect930,Cremrunner,,0.0
Miqius,Cremrunner,,0.0
jjjnu2019,Cremrunner,,0.0
chaerophyllum,Cremrunner,,0.0
-Targary,Cremrunner,,0.0
mentoses2,Cremrunner,,0.0
FarseerEnki,Stonedward,vhoid,111111211.0
Mysterious_Pea582,Cremrunner,,0.0
Mr_MacGrubber,Cremrunner,,0.0
GameMakingKing,Cremrunner,,0.0
Shotstopper,Cremrunner,,0.0
Chriss159,Cremrunner,,0.0
SomeNative,Cremrunner,,0.0
BlackFenrir,Cremrunner,,0.0
jmlapicola,Cremrunner,,0.0
Mirathan,Cremrunner,,0.0
Dangerous_Professor7,Cremrunner,,0.0
georgiimichael,Cremrunner,,0.0
PegasusDust,Memecaller,,111111211.0
engineeringmatador,Cremrunner,,111111111.0
VindexSkripi,Cremrunner,,0.0
AnimeF,Cremrunner,,0.0
mathgnome,Cremrunner,,0.0
redstoneXOR,Cremrunner,,0.0
eubankiz,Cremrunner,,0.0
Flyingboat94,Cremrunner,,0.0
InsaneBobert,Cremrunner,,0.0
Plaque_knight,Cremrunner,,0.0
a-reading-monke,Cremrunner,,0.0
Cazithedustbringer27,Oathless,,0.0
Ali9666,Cremrunner,,0.0
Teequal,Cremrunner,,212122111.0
HornedHunter123,Cremrunner,,111121411.0
JammerJake2005,Cremrunner,,0.0
00stubbie,Cremrunner,,212111111.0
BlackHole_2888,Cremrunner,,0.0
themightyjingle,Shartweaver,,0.0
Hoid_the_STICK,Rafowatcher,,0.0
ChurchOfTheSurvivor,Cremrunner,,0.0
iDabGlobzilla,Cremrunner,,0.0
King_Vlad_,Shartweaver,,0.0
TheDanfromSpace,Cremrunner,,0.0
Kemix9207,Cremrunner,,0.0
Nyseme_Ptem,Stonedward,,212111111.0
Steel_Stalin,Cremrunner,,0.0
brycenb93,Cremrunner,,0.0
WorldhopperHoid,Cremrunner,,0.0
BoltYou7x,Cremrunner,,111111211.0
Fadinglight656,Shartweaver,index,0.0
Watmoeterin,Cremrunner,,0.0
Ancient_Transition,Cremrunner,,0.0
lnterestinglnterests,Cremrunner,mimha,0.0
Virgin_STD_Collector,Cremrunner,,0.0
BerelyHohl,Cremrunner,,0.0
snuggleouphagus,Cremrunner,,0.0
imasheep456,Cremrunner,,111111111.0
TianShan16,Cremrunner,phteven,0.0
alanmandgragoran,Cremrunner,,0.0
AquaticSombrero,Cremrunner,,0.0
Lilightaura,Cremrunner,,0.0
HabitSignificant8823,Cremrunner,,0.0
Epimus,Memecaller,,212111111.0
nextanenome,Mudflinger,,111111111.0
StrikingCommission60,Cremrunner,,0.0
Starrmont,Cremrunner,,0.0
We_R_Venom1354,Cremrunner,,0.0
Just-A-Bait,Cremrunner,,0.0
Offbeat-Pixel,Rafowatcher,,0.0
fettuccinefred,Cremrunner,,0.0
Lord_Jared,Stonedward,,111111211.0
GigaVanguard,Cremrunner,,0.0
JBTheGiant1,Cremrunner,pita,0.0
JezzTheHunter,Cremrunner,,212111111.0
FlawlessPenguinMan,Cremrunner,,0.0
AutomaticMistake13,Cremrunner,,0.0
KeeperOfchronicles,Cremrunner,,0.0
Triforcefan,Edgydancer,,212121111.0
Diecrit,Cremrunner,,0.0
Benistrob,Cremrunner,,0.0
JellyNeko,Cremrunner,,0.0
Nerdlors13,Cremrunner,hiding,0.0
Faendan,Edgydancer,,0.0
Chu_BOT,Cremrunner,,111111111.0
awkwardIRL,Cremrunner,,0.0
Riptide2604,Cremrunner,,0.0
MeatshieldMaiden,Cremrunner,,0.0
UsAndRufus,Cremrunner,,0.0
Shlocko,Cremrunner,,0.0
Bongcloud_CounterFTW,Stonedward,,111111111.0
W0lfguard,Cremrunner,,111111111.0
Sabwenlof,Cremrunner,,0.0
tree_warlock,Stonedward,ula-cos,0.0
TurkishTerrarian,Cremrunner,,0.0
FistoTheDefiler,Cremrunner,,0.0
CardWitch,Cremrunner,,0.0
capitan_barbarossa,Cremrunner,,0.0
ShadyFox_Leoley,Cremrunner,,0.0
guywolf10,Cremrunner,,111111111.0
Xennpins,Cremrunner,,0.0
Acrobatic-Dot-2220,Cremrunner,,0.0
NeedsToShutUp,Cremrunner,,0.0
Sore-Looser,Cremrunner,,0.0
wbbartsch,Cremrunner,,0.0
OilDowntown2031,Cremrunner,,0.0
Yagopro1,Cremrunner,,0.0
captainrina,Shartweaver,58008,222111111.0
Eggcited_Rooster,Stonedward,sawkon,111211111.0
Tennis-Boy,Stonedward,yo_momma,111111111.0
ulfgar23,Cremrunner,,0.0
Guaymaster,Cremrunner,jar,212111111.0
phillallmighty,Rafowatcher,,0.0
AdoWilRemOurPlightEv,Rafowatcher,poopspren,111111211.0
JustALumpOfClay,Cremrunner,,0.0
FaeryStuff,Cremrunner,,111111111.0
KarnoRex,Cremrunner,,0.0
Riktrmai,Cremrunner,,0.0
ScerwTypos,Cremrunner,,0.0
QMonster167,Rafowatcher,,0.0
Stilinski_sarcasm,Cremrunner,,0.0
Golradiir,Cremrunner,,0.0
prof_apex,Stonedward,,111111111.0
Mario6345,Cremrunner,sprun,111111111.0
HiImKelthuzad,Cremrunner,,0.0
No_Entertainer_5858,Cremrunner,,0.0
SiivalTena,Cremrunner,,0.0
Hankster1024,Cremrunner,,0.0
ehudwill,Cremrunner,,0.0
Thunderblessed255,Cremrunner,,0.0
Responsible_Bottle88,Cremrunner,,0.0
Cillian075,Cremrunner,,0.0
caesura39,Cremrunner,stinky,0.0
Cyerdous,Rafowatcher,,0.0
kst902t,Cremrunner,,0.0
Rosehatesraisins,Cremrunner,,0.0
Ksyron,Cremrunner,,0.0
Poem-for-your-THOTs,Cremrunner,,0.0
victoriaemd,Edgydancer,,0.0
Mikeim520,Cremrunner,,0.0
Pinkfluffyant,Rafowatcher,,0.0
joelng_25,Cremrunner,,0.0
bxntou,Cremrunner,,0.0
szb99,Cremrunner,,0.0
kegegeam,Cremrunner,,212121211.0
The_Yeeto_Burrito,Stonedward,,0.0
Unnecessary_Eagle,Cremrunner,,0.0
Melkerah,Shartweaver,,111111111.0
ephemeralbiscuit,Edgydancer,edgy_biscuit,0.0
fredjimack,Edgydancer,,111111111.0
ShadeFinder01,Stonedward,althea,111111111.0
workpajamas,Cremrunner,,0.0
Allstar2909,Cremrunner,,0.0
Matamocan,Cremrunner,,0.0
amandajjohnson1313,Shartweaver,paradigm,111111111.0
the_snastronaut,Shartweaver,,111111111.0
IkeDaddyDeluxe,Shartweaver,,111111111.0
Onirus,Shartweaver,,111111111.0
TC_Lapix,Shartweaver,,111111111.0
Joshuamark21,Cremrunner,,111111111.0
Snovogel,Cremrunner,pretentious,
Zathron13,Willyshaper,,111111111.0
kylo_long,Cremrunner,,0.0
Puzzleheaded_Owl_818,Cremrunner,,0.0
